run_id,method,model_name,dataset,task_type,rank,alpha,dropout,seed,epoch,step,eval_loss,accuracy,macro_f1,weighted_f1,eval_runtime,eval_samples_per_second,eval_steps_per_second,source,implementation,is_final_only,rank_label,method_rank
dora_r16_seed97_1781724745,dora,vinai/phobert-base-v2,data/uit_vion/subset.csv,single_label,16.0,32.0,0.0,97,1.0,1300,0.7302510142326355,0.7796153846153846,0.7781537522481373,0.7781537522481374,2.2231,1169.519,36.885,notebook_cell_7_section_4,custom,False,16,dora / 16
dora_r16_seed97_1781724745,dora,vinai/phobert-base-v2,data/uit_vion/subset.csv,single_label,16.0,32.0,0.0,97,2.0,2600,0.7021254301071167,0.791923076923077,0.7909370421232095,0.7909370421232091,2.0562,1264.491,39.88,notebook_cell_7_section_4,custom,False,16,dora / 16
dora_r16_seed97_1781724745,dora,vinai/phobert-base-v2,data/uit_vion/subset.csv,single_label,16.0,32.0,0.0,97,3.0,3900,0.688956081867218,0.7934615384615384,0.793090777198498,0.793090777198498,1.9701,1319.702,41.621,notebook_cell_7_section_4,custom,False,16,dora / 16
dora_r16_seed97_1781724745,dora,vinai/phobert-base-v2,data/uit_vion/subset.csv,single_label,16.0,32.0,0.0,97,4.0,5200,0.669876217842102,0.8,0.7995210459114492,0.7995210459114491,2.2395,1160.984,36.616,notebook_cell_7_section_4,custom,False,16,dora / 16
dora_r16_seed97_1781724745,dora,vinai/phobert-base-v2,data/uit_vion/subset.csv,single_label,16.0,32.0,0.0,97,5.0,6500,0.6652385592460632,0.801923076923077,0.8016581789816934,0.8016581789816933,2.0488,1269.061,40.024,notebook_cell_7_section_4,custom,False,16,dora / 16
dora_r16_seed98_1781726380,dora,vinai/phobert-base-v2,data/uit_vion/subset.csv,single_label,16.0,32.0,0.0,98,1.0,1300,0.7288673520088196,0.7826923076923077,0.7824084952786726,0.7824084952786726,2.0271,1282.612,40.452,notebook_cell_7_section_9,custom,False,16,dora / 16
dora_r16_seed98_1781726380,dora,vinai/phobert-base-v2,data/uit_vion/subset.csv,single_label,16.0,32.0,0.0,98,2.0,2600,0.7054756283760071,0.7946153846153846,0.7944226524828187,0.7944226524828187,2.0033,1297.853,40.932,notebook_cell_7_section_9,custom,False,16,dora / 16
dora_r16_seed98_1781726380,dora,vinai/phobert-base-v2,data/uit_vion/subset.csv,single_label,16.0,32.0,0.0,98,3.0,3900,0.6781705617904663,0.7953846153846154,0.7951270864457752,0.7951270864457753,2.0019,1298.746,40.96,notebook_cell_7_section_9,custom,False,16,dora / 16
dora_r16_seed98_1781726380,dora,vinai/phobert-base-v2,data/uit_vion/subset.csv,single_label,16.0,32.0,0.0,98,4.0,5200,0.6581262946128845,0.8076923076923077,0.8072040419974438,0.8072040419974437,2.1779,1193.822,37.651,notebook_cell_7_section_9,custom,False,16,dora / 16
dora_r16_seed98_1781726380,dora,vinai/phobert-base-v2,data/uit_vion/subset.csv,single_label,16.0,32.0,0.0,98,5.0,6500,0.6598179936408997,0.8042307692307692,0.803789631312092,0.803789631312092,2.0235,1284.931,40.525,notebook_cell_7_section_9,custom,False,16,dora / 16
dora_r16_seed99_1781728011,dora,vinai/phobert-base-v2,data/uit_vion/subset.csv,single_label,16.0,32.0,0.0,99,1.0,1300,0.7491948008537292,0.7723076923076924,0.7714429168538302,0.7714429168538303,2.0157,1289.871,40.681,notebook_cell_7_section_14,custom,False,16,dora / 16
dora_r16_seed99_1781728011,dora,vinai/phobert-base-v2,data/uit_vion/subset.csv,single_label,16.0,32.0,0.0,99,2.0,2600,0.6940271258354187,0.7915384615384615,0.7914323846267342,0.7914323846267342,2.0401,1274.435,40.194,notebook_cell_7_section_14,custom,False,16,dora / 16
dora_r16_seed99_1781728011,dora,vinai/phobert-base-v2,data/uit_vion/subset.csv,single_label,16.0,32.0,0.0,99,3.0,3900,0.6681299805641174,0.8015384615384615,0.8006066930296913,0.8006066930296912,2.0566,1264.226,39.872,notebook_cell_7_section_14,custom,False,16,dora / 16
dora_r16_seed99_1781728011,dora,vinai/phobert-base-v2,data/uit_vion/subset.csv,single_label,16.0,32.0,0.0,99,4.0,5200,0.6654822826385498,0.7996153846153846,0.7982446137866717,0.7982446137866716,2.0337,1278.47,40.321,notebook_cell_7_section_14,custom,False,16,dora / 16
dora_r16_seed99_1781728011,dora,vinai/phobert-base-v2,data/uit_vion/subset.csv,single_label,16.0,32.0,0.0,99,5.0,6500,0.6591596603393555,0.8046153846153846,0.8040793195872792,0.8040793195872792,2.0237,1284.795,40.52,notebook_cell_7_section_14,custom,False,16,dora / 16
official_dora_r16_seed97_1781761924,dora,vinai/phobert-base-v2,data/uit_vion/subset.csv,single_label,16.0,32.0,0.0,97,5.0,6500,,0.8015384615384615,0.800931464978394,0.8009314649783941,,,,official_final_only,official,True,16,dora / 16
official_dora_r16_seed98_1781763733,dora,vinai/phobert-base-v2,data/uit_vion/subset.csv,single_label,16.0,32.0,0.0,98,5.0,6500,,0.8,0.7994991916472272,0.7994991916472273,,,,official_final_only,official,True,16,dora / 16
official_dora_r16_seed99_1781765512,dora,vinai/phobert-base-v2,data/uit_vion/subset.csv,single_label,16.0,32.0,0.0,99,5.0,6500,,0.8011538461538461,0.8006933102760135,0.8006933102760136,,,,official_final_only,official,True,16,dora / 16
dora_r8_seed97_1781724430,dora,vinai/phobert-base-v2,data/uit_vion/subset.csv,single_label,8.0,16.0,0.0,97,1.0,1300,0.7411261200904846,0.7796153846153846,0.7780582591303171,0.7780582591303173,2.0858,1246.51,39.313,notebook_cell_7_section_3,custom,False,8,dora / 8
dora_r8_seed97_1781724430,dora,vinai/phobert-base-v2,data/uit_vion/subset.csv,single_label,8.0,16.0,0.0,97,2.0,2600,0.7084699869155884,0.7907692307692308,0.7899316982043021,0.7899316982043021,2.0946,1241.307,39.149,notebook_cell_7_section_3,custom,False,8,dora / 8
dora_r8_seed97_1781724430,dora,vinai/phobert-base-v2,data/uit_vion/subset.csv,single_label,8.0,16.0,0.0,97,3.0,3900,0.7032061219215393,0.7884615384615384,0.7884214058548713,0.7884214058548715,1.9707,1319.359,41.611,notebook_cell_7_section_3,custom,False,8,dora / 8
dora_r8_seed97_1781724430,dora,vinai/phobert-base-v2,data/uit_vion/subset.csv,single_label,8.0,16.0,0.0,97,4.0,5200,0.6792206168174744,0.7988461538461539,0.7982829183787482,0.7982829183787483,2.0078,1294.934,40.84,notebook_cell_7_section_3,custom,False,8,dora / 8
dora_r8_seed97_1781724430,dora,vinai/phobert-base-v2,data/uit_vion/subset.csv,single_label,8.0,16.0,0.0,97,5.0,6500,0.6719135642051697,0.8034615384615384,0.8025820793324973,0.8025820793324974,2.1189,1227.045,38.699,notebook_cell_7_section_3,custom,False,8,dora / 8
dora_r8_seed98_1781726109,dora,vinai/phobert-base-v2,data/uit_vion/subset.csv,single_label,8.0,16.0,0.0,98,1.0,1300,0.7385950684547424,0.7807692307692308,0.7797765752589736,0.7797765752589735,2.0769,1251.882,39.482,notebook_cell_7_section_8,custom,False,8,dora / 8
dora_r8_seed98_1781726109,dora,vinai/phobert-base-v2,data/uit_vion/subset.csv,single_label,8.0,16.0,0.0,98,2.0,2600,0.7079389691352844,0.7892307692307692,0.7886274765534081,0.7886274765534078,2.0758,1252.551,39.504,notebook_cell_7_section_8,custom,False,8,dora / 8
dora_r8_seed98_1781726109,dora,vinai/phobert-base-v2,data/uit_vion/subset.csv,single_label,8.0,16.0,0.0,98,3.0,3900,0.6863226890563965,0.7934615384615384,0.7932931717806474,0.7932931717806475,2.047,1270.125,40.058,notebook_cell_7_section_8,custom,False,8,dora / 8
dora_r8_seed98_1781726109,dora,vinai/phobert-base-v2,data/uit_vion/subset.csv,single_label,8.0,16.0,0.0,98,4.0,5200,0.6617963314056396,0.8053846153846154,0.8042509230615018,0.8042509230615017,1.9974,1301.676,41.053,notebook_cell_7_section_8,custom,False,8,dora / 8
dora_r8_seed98_1781726109,dora,vinai/phobert-base-v2,data/uit_vion/subset.csv,single_label,8.0,16.0,0.0,98,5.0,6500,0.6614682674407959,0.803076923076923,0.8025666309757409,0.802566630975741,1.9959,1302.658,41.084,notebook_cell_7_section_8,custom,False,8,dora / 8
dora_r8_seed99_1781727728,dora,vinai/phobert-base-v2,data/uit_vion/subset.csv,single_label,8.0,16.0,0.0,99,1.0,1300,0.7433973550796509,0.775,0.7745055040617075,0.7745055040617075,2.1562,1205.808,38.029,notebook_cell_7_section_13,custom,False,8,dora / 8
dora_r8_seed99_1781727728,dora,vinai/phobert-base-v2,data/uit_vion/subset.csv,single_label,8.0,16.0,0.0,99,2.0,2600,0.6996031999588013,0.7896153846153846,0.7890567141661998,0.7890567141661997,2.0145,1290.66,40.705,notebook_cell_7_section_13,custom,False,8,dora / 8
dora_r8_seed99_1781727728,dora,vinai/phobert-base-v2,data/uit_vion/subset.csv,single_label,8.0,16.0,0.0,99,3.0,3900,0.6816719174385071,0.7961538461538461,0.7946144785568519,0.7946144785568517,1.9941,1303.818,41.12,notebook_cell_7_section_13,custom,False,8,dora / 8
dora_r8_seed99_1781727728,dora,vinai/phobert-base-v2,data/uit_vion/subset.csv,single_label,8.0,16.0,0.0,99,4.0,5200,0.6758352518081665,0.7953846153846154,0.7939465497641116,0.7939465497641116,1.9982,1301.168,41.037,notebook_cell_7_section_13,custom,False,8,dora / 8
dora_r8_seed99_1781727728,dora,vinai/phobert-base-v2,data/uit_vion/subset.csv,single_label,8.0,16.0,0.0,99,5.0,6500,0.669402539730072,0.8026923076923077,0.8021500955680422,0.8021500955680423,2.036,1277.032,40.276,notebook_cell_7_section_13,custom,False,8,dora / 8
official_dora_r8_seed97_1781761565,dora,vinai/phobert-base-v2,data/uit_vion/subset.csv,single_label,8.0,16.0,0.0,97,5.0,6500,,0.7988461538461539,0.7978431481871919,0.7978431481871917,,,,official_final_only,official,True,8,dora / 8
official_dora_r8_seed98_1781763357,dora,vinai/phobert-base-v2,data/uit_vion/subset.csv,single_label,8.0,16.0,0.0,98,5.0,6500,,0.7976923076923077,0.7971766521669783,0.797176652166978,,,,official_final_only,official,True,8,dora / 8
official_dora_r8_seed99_1781765219,dora,vinai/phobert-base-v2,data/uit_vion/subset.csv,single_label,8.0,16.0,0.0,99,5.0,6500,,0.7953846153846154,0.7950809492409296,0.7950809492409294,,,,official_final_only,official,True,8,dora / 8
ft_seed97_1781723194,ft,vinai/phobert-base-v2,data/uit_vion/subset.csv,single_label,,,,97,1.0,1300,0.7314496040344238,0.7934615384615384,0.7916964997647242,0.7916964997647241,1.8568,1400.237,44.161,notebook_cell_7_section_0,custom,False,full,ft / full
ft_seed97_1781723194,ft,vinai/phobert-base-v2,data/uit_vion/subset.csv,single_label,,,,97,2.0,2600,0.6997123956680298,0.8038461538461539,0.8027721838331178,0.8027721838331178,1.7736,1465.945,46.234,notebook_cell_7_section_0,custom,False,full,ft / full
ft_seed97_1781723194,ft,vinai/phobert-base-v2,data/uit_vion/subset.csv,single_label,,,,97,3.0,3900,0.7020010948181152,0.8073076923076923,0.8065812430024744,0.806581243002474,1.7608,1476.562,46.569,notebook_cell_7_section_0,custom,False,full,ft / full
ft_seed97_1781723194,ft,vinai/phobert-base-v2,data/uit_vion/subset.csv,single_label,,,,97,4.0,5200,0.7321280837059021,0.8092307692307692,0.8090034589573363,0.8090034589573364,1.8337,1417.88,44.718,notebook_cell_7_section_0,custom,False,full,ft / full
ft_seed97_1781723194,ft,vinai/phobert-base-v2,data/uit_vion/subset.csv,single_label,,,,97,5.0,6500,0.7503795027732849,0.813076923076923,0.8129272547311662,0.8129272547311662,1.8762,1385.787,43.706,notebook_cell_7_section_0,custom,False,full,ft / full
ft_seed98_1781725049,ft,vinai/phobert-base-v2,data/uit_vion/subset.csv,single_label,,,,98,1.0,1300,0.7707986235618591,0.7823076923076923,0.7820574195106119,0.7820574195106119,1.8507,1404.912,44.309,notebook_cell_7_section_5,custom,False,full,ft / full
ft_seed98_1781725049,ft,vinai/phobert-base-v2,data/uit_vion/subset.csv,single_label,,,,98,2.0,2600,0.69663405418396,0.801923076923077,0.8014980351797102,0.8014980351797102,1.9961,1302.511,41.079,notebook_cell_7_section_5,custom,False,full,ft / full
ft_seed98_1781725049,ft,vinai/phobert-base-v2,data/uit_vion/subset.csv,single_label,,,,98,3.0,3900,0.7228733897209167,0.7938461538461539,0.7947454224898812,0.7947454224898813,1.826,1423.852,44.906,notebook_cell_7_section_5,custom,False,full,ft / full
ft_seed98_1781725049,ft,vinai/phobert-base-v2,data/uit_vion/subset.csv,single_label,,,,98,4.0,5200,0.7374799251556396,0.81,0.809102471580093,0.8091024715800929,2.0257,1283.532,40.481,notebook_cell_7_section_5,custom,False,full,ft / full
ft_seed98_1781725049,ft,vinai/phobert-base-v2,data/uit_vion/subset.csv,single_label,,,,98,5.0,6500,0.7640839219093323,0.8073076923076923,0.8072928436215416,0.8072928436215415,1.8171,1430.86,45.127,notebook_cell_7_section_5,custom,False,full,ft / full
ft_seed99_1781726652,ft,vinai/phobert-base-v2,data/uit_vion/subset.csv,single_label,,,,99,1.0,1300,0.7628662586212158,0.7819230769230769,0.7812509246152228,0.7812509246152229,1.7661,1472.187,46.431,notebook_cell_7_section_10,custom,False,full,ft / full
ft_seed99_1781726652,ft,vinai/phobert-base-v2,data/uit_vion/subset.csv,single_label,,,,99,2.0,2600,0.705735981464386,0.7957692307692308,0.7963808267753916,0.7963808267753915,1.7705,1468.476,46.313,notebook_cell_7_section_10,custom,False,full,ft / full
ft_seed99_1781726652,ft,vinai/phobert-base-v2,data/uit_vion/subset.csv,single_label,,,,99,3.0,3900,0.7026737332344055,0.8096153846153846,0.8084979248100563,0.8084979248100564,1.8341,1417.572,44.708,notebook_cell_7_section_10,custom,False,full,ft / full
ft_seed99_1781726652,ft,vinai/phobert-base-v2,data/uit_vion/subset.csv,single_label,,,,99,4.0,5200,0.7540104985237122,0.8046153846153846,0.8048887167289246,0.8048887167289247,1.783,1458.21,45.99,notebook_cell_7_section_10,custom,False,full,ft / full
ft_seed99_1781726652,ft,vinai/phobert-base-v2,data/uit_vion/subset.csv,single_label,,,,99,5.0,6500,0.7621713876724243,0.805,0.805365985882025,0.8053659858820251,1.9124,1359.58,42.879,notebook_cell_7_section_10,custom,False,full,ft / full
official_ft_seed97_1781760636,ft,vinai/phobert-base-v2,data/uit_vion/subset.csv,single_label,,,,97,1.0,1300,0.7314496040344238,0.7934615384615384,0.7916964997647242,0.7916964997647241,1.703,1526.724,48.151,outputs\official_ft_seed97_1781760636\checkpoint-6500\trainer_state.json,official,False,full,ft / full
official_ft_seed97_1781760636,ft,vinai/phobert-base-v2,data/uit_vion/subset.csv,single_label,,,,97,2.0,2600,0.6997123956680298,0.8038461538461539,0.8027721838331178,0.8027721838331178,1.6987,1530.547,48.271,outputs\official_ft_seed97_1781760636\checkpoint-6500\trainer_state.json,official,False,full,ft / full
official_ft_seed97_1781760636,ft,vinai/phobert-base-v2,data/uit_vion/subset.csv,single_label,,,,97,3.0,3900,0.7020010948181152,0.8073076923076923,0.8065812430024744,0.806581243002474,1.7632,1474.607,46.507,outputs\official_ft_seed97_1781760636\checkpoint-6500\trainer_state.json,official,False,full,ft / full
official_ft_seed97_1781760636,ft,vinai/phobert-base-v2,data/uit_vion/subset.csv,single_label,,,,97,4.0,5200,0.7321280837059021,0.8092307692307692,0.8090034589573363,0.8090034589573364,1.731,1502.053,47.372,outputs\official_ft_seed97_1781760636\checkpoint-6500\trainer_state.json,official,False,full,ft / full
official_ft_seed97_1781760636,ft,vinai/phobert-base-v2,data/uit_vion/subset.csv,single_label,,,,97,5.0,6500,0.7503795027732849,0.813076923076923,0.8129272547311662,0.8129272547311662,1.7204,1511.304,47.664,outputs\official_ft_seed97_1781760636\checkpoint-6500\trainer_state.json,official,False,full,ft / full
official_ft_seed98_1781762294,ft,vinai/phobert-base-v2,data/uit_vion/subset.csv,single_label,,,,98,1.0,1300,0.7707986235618591,0.7823076923076923,0.7820574195106119,0.7820574195106119,1.7701,1468.804,46.324,outputs\official_ft_seed98_1781762294\checkpoint-6500\trainer_state.json,official,False,full,ft / full
official_ft_seed98_1781762294,ft,vinai/phobert-base-v2,data/uit_vion/subset.csv,single_label,,,,98,2.0,2600,0.69663405418396,0.801923076923077,0.8014980351797102,0.8014980351797102,1.7837,1457.614,45.971,outputs\official_ft_seed98_1781762294\checkpoint-6500\trainer_state.json,official,False,full,ft / full
official_ft_seed98_1781762294,ft,vinai/phobert-base-v2,data/uit_vion/subset.csv,single_label,,,,98,3.0,3900,0.7228733897209167,0.7938461538461539,0.7947454224898812,0.7947454224898813,1.7694,1469.392,46.342,outputs\official_ft_seed98_1781762294\checkpoint-6500\trainer_state.json,official,False,full,ft / full
official_ft_seed98_1781762294,ft,vinai/phobert-base-v2,data/uit_vion/subset.csv,single_label,,,,98,4.0,5200,0.7374799251556396,0.81,0.809102471580093,0.8091024715800929,1.7754,1464.481,46.187,outputs\official_ft_seed98_1781762294\checkpoint-6500\trainer_state.json,official,False,full,ft / full
official_ft_seed98_1781762294,ft,vinai/phobert-base-v2,data/uit_vion/subset.csv,single_label,,,,98,5.0,6500,0.7640839219093323,0.8073076923076923,0.8072928436215416,0.8072928436215415,1.8009,1443.695,45.532,outputs\official_ft_seed98_1781762294\checkpoint-6500\trainer_state.json,official,False,full,ft / full
official_ft_seed99_1781764151,ft,vinai/phobert-base-v2,data/uit_vion/subset.csv,single_label,,,,99,1.0,1300,0.7628662586212158,0.7819230769230769,0.7812509246152228,0.7812509246152229,1.8707,1389.832,43.833,outputs\official_ft_seed99_1781764151\checkpoint-6500\trainer_state.json,official,False,full,ft / full
official_ft_seed99_1781764151,ft,vinai/phobert-base-v2,data/uit_vion/subset.csv,single_label,,,,99,2.0,2600,0.705735981464386,0.7957692307692308,0.7963808267753916,0.7963808267753915,1.9036,1365.857,43.077,outputs\official_ft_seed99_1781764151\checkpoint-6500\trainer_state.json,official,False,full,ft / full
official_ft_seed99_1781764151,ft,vinai/phobert-base-v2,data/uit_vion/subset.csv,single_label,,,,99,3.0,3900,0.7026737332344055,0.8096153846153846,0.8084979248100563,0.8084979248100564,1.9001,1368.327,43.155,outputs\official_ft_seed99_1781764151\checkpoint-6500\trainer_state.json,official,False,full,ft / full
official_ft_seed99_1781764151,ft,vinai/phobert-base-v2,data/uit_vion/subset.csv,single_label,,,,99,4.0,5200,0.7540104985237122,0.8046153846153846,0.8048887167289246,0.8048887167289247,1.9013,1367.463,43.128,outputs\official_ft_seed99_1781764151\checkpoint-6500\trainer_state.json,official,False,full,ft / full
official_ft_seed99_1781764151,ft,vinai/phobert-base-v2,data/uit_vion/subset.csv,single_label,,,,99,5.0,6500,0.7621713876724243,0.805,0.805365985882025,0.8053659858820251,1.9074,1363.084,42.99,outputs\official_ft_seed99_1781764151\checkpoint-6500\trainer_state.json,official,False,full,ft / full
lora_r16_seed97_1781724042,lora,vinai/phobert-base-v2,data/uit_vion/subset.csv,single_label,16.0,32.0,0.05,97,1.0,1300,0.7445935010910034,0.7696153846153846,0.7684037629335996,0.7684037629335995,2.1686,1198.934,37.813,notebook_cell_7_section_2,custom,False,16,lora / 16
lora_r16_seed97_1781724042,lora,vinai/phobert-base-v2,data/uit_vion/subset.csv,single_label,16.0,32.0,0.05,97,2.0,2600,0.7026580572128296,0.7911538461538462,0.7903255294158508,0.7903255294158507,2.0445,1271.692,40.107,notebook_cell_7_section_2,custom,False,16,lora / 16
lora_r16_seed97_1781724042,lora,vinai/phobert-base-v2,data/uit_vion/subset.csv,single_label,16.0,32.0,0.05,97,3.0,3900,0.6817384958267212,0.7973076923076923,0.79692619742526,0.7969261974252602,2.0665,1258.154,39.68,notebook_cell_7_section_2,custom,False,16,lora / 16
lora_r16_seed97_1781724042,lora,vinai/phobert-base-v2,data/uit_vion/subset.csv,single_label,16.0,32.0,0.05,97,4.0,5200,0.6654261350631714,0.7965384615384615,0.7958588029450576,0.7958588029450574,2.168,1199.28,37.823,notebook_cell_7_section_2,custom,False,16,lora / 16
lora_r16_seed97_1781724042,lora,vinai/phobert-base-v2,data/uit_vion/subset.csv,single_label,16.0,32.0,0.05,97,5.0,6500,0.6652481555938721,0.7996153846153846,0.7989805855715452,0.798980585571545,2.088,1245.211,39.272,notebook_cell_7_section_2,custom,False,16,lora / 16
lora_r16_seed98_1781725859,lora,vinai/phobert-base-v2,data/uit_vion/subset.csv,single_label,16.0,32.0,0.05,98,1.0,1300,0.7331252098083496,0.7892307692307692,0.787193805033642,0.787193805033642,1.972,1318.484,41.583,notebook_cell_7_section_7,custom,False,16,lora / 16
lora_r16_seed98_1781725859,lora,vinai/phobert-base-v2,data/uit_vion/subset.csv,single_label,16.0,32.0,0.05,98,2.0,2600,0.7050394415855408,0.7892307692307692,0.7881469532461021,0.7881469532461022,1.9409,1339.613,42.249,notebook_cell_7_section_7,custom,False,16,lora / 16
lora_r16_seed98_1781725859,lora,vinai/phobert-base-v2,data/uit_vion/subset.csv,single_label,16.0,32.0,0.05,98,3.0,3900,0.6877774596214294,0.7953846153846154,0.7954390254463127,0.7954390254463127,2.0541,1265.777,39.921,notebook_cell_7_section_7,custom,False,16,lora / 16
lora_r16_seed98_1781725859,lora,vinai/phobert-base-v2,data/uit_vion/subset.csv,single_label,16.0,32.0,0.05,98,4.0,5200,0.6563990116119385,0.803076923076923,0.8019140862036349,0.8019140862036347,1.9045,1365.161,43.055,notebook_cell_7_section_7,custom,False,16,lora / 16
lora_r16_seed98_1781725859,lora,vinai/phobert-base-v2,data/uit_vion/subset.csv,single_label,16.0,32.0,0.05,98,5.0,6500,0.6582993865013123,0.8,0.7992566077078388,0.7992566077078387,1.9976,1301.566,41.049,notebook_cell_7_section_7,custom,False,16,lora / 16
lora_r16_seed99_1781727419,lora,vinai/phobert-base-v2,data/uit_vion/subset.csv,single_label,16.0,32.0,0.05,99,1.0,1300,0.7377784848213196,0.7792307692307693,0.7780325615017664,0.7780325615017663,1.9819,1311.885,41.375,notebook_cell_7_section_12,custom,False,16,lora / 16
lora_r16_seed99_1781727419,lora,vinai/phobert-base-v2,data/uit_vion/subset.csv,single_label,16.0,32.0,0.05,99,2.0,2600,0.713366687297821,0.7857692307692308,0.7854539361096092,0.7854539361096093,2.1247,1223.72,38.594,notebook_cell_7_section_12,custom,False,16,lora / 16
lora_r16_seed99_1781727419,lora,vinai/phobert-base-v2,data/uit_vion/subset.csv,single_label,16.0,32.0,0.05,99,3.0,3900,0.6687178611755371,0.7923076923076923,0.791493537012797,0.7914935370127968,2.1659,1200.417,37.859,notebook_cell_7_section_12,custom,False,16,lora / 16
lora_r16_seed99_1781727419,lora,vinai/phobert-base-v2,data/uit_vion/subset.csv,single_label,16.0,32.0,0.05,99,4.0,5200,0.6627249121665955,0.7996153846153846,0.7985639954933142,0.7985639954933144,2.1143,1229.713,38.783,notebook_cell_7_section_12,custom,False,16,lora / 16
lora_r16_seed99_1781727419,lora,vinai/phobert-base-v2,data/uit_vion/subset.csv,single_label,16.0,32.0,0.05,99,5.0,6500,0.6594383716583252,0.7965384615384615,0.7962647102929382,0.7962647102929381,1.9746,1316.748,41.528,notebook_cell_7_section_12,custom,False,16,lora / 16
official_lora_r16_seed97_1781761339,lora,vinai/phobert-base-v2,data/uit_vion/subset.csv,single_label,16.0,32.0,0.05,97,5.0,6500,,0.8003846153846154,0.8000141511024895,0.8000141511024893,,,,official_final_only,official,True,16,lora / 16
official_lora_r16_seed98_1781763077,lora,vinai/phobert-base-v2,data/uit_vion/subset.csv,single_label,16.0,32.0,0.05,98,5.0,6500,,0.8046153846153846,0.8037156964428329,0.8037156964428329,,,,official_final_only,official,True,16,lora / 16
official_lora_r16_seed99_1781764987,lora,vinai/phobert-base-v2,data/uit_vion/subset.csv,single_label,16.0,32.0,0.05,99,5.0,6500,,0.8034615384615384,0.8031918540942544,0.8031918540942545,,,,official_final_only,official,True,16,lora / 16
lora_r8_seed97_1781723738,lora,vinai/phobert-base-v2,data/uit_vion/subset.csv,single_label,8.0,16.0,0.05,97,1.0,1300,0.7474404573440552,0.775,0.7736856038839106,0.7736856038839108,2.0949,1241.101,39.142,notebook_cell_7_section_1,custom,False,8,lora / 8
lora_r8_seed97_1781723738,lora,vinai/phobert-base-v2,data/uit_vion/subset.csv,single_label,8.0,16.0,0.05,97,2.0,2600,0.7069472074508667,0.7853846153846153,0.7849280142324465,0.7849280142324463,1.9873,1308.285,41.261,notebook_cell_7_section_1,custom,False,8,lora / 8
lora_r8_seed97_1781723738,lora,vinai/phobert-base-v2,data/uit_vion/subset.csv,single_label,8.0,16.0,0.05,97,3.0,3900,0.6918893456459045,0.7911538461538462,0.7908260949506782,0.7908260949506781,1.9462,1335.955,42.134,notebook_cell_7_section_1,custom,False,8,lora / 8
lora_r8_seed97_1781723738,lora,vinai/phobert-base-v2,data/uit_vion/subset.csv,single_label,8.0,16.0,0.05,97,4.0,5200,0.6726718544960022,0.796923076923077,0.796368626815718,0.7963686268157181,2.0745,1253.29,39.527,notebook_cell_7_section_1,custom,False,8,lora / 8
lora_r8_seed97_1781723738,lora,vinai/phobert-base-v2,data/uit_vion/subset.csv,single_label,8.0,16.0,0.05,97,5.0,6500,0.6688833236694336,0.8007692307692308,0.8000325401110167,0.8000325401110167,2.0078,1294.981,40.842,notebook_cell_7_section_1,custom,False,8,lora / 8
lora_r8_seed98_1781725591,lora,vinai/phobert-base-v2,data/uit_vion/subset.csv,single_label,8.0,16.0,0.05,98,1.0,1300,0.7484214901924133,0.7803846153846153,0.7788419107918613,0.7788419107918612,1.92,1354.163,42.708,notebook_cell_7_section_6,custom,False,8,lora / 8
lora_r8_seed98_1781725591,lora,vinai/phobert-base-v2,data/uit_vion/subset.csv,single_label,8.0,16.0,0.05,98,2.0,2600,0.7125550508499146,0.7880769230769231,0.7880327971119201,0.7880327971119202,2.1988,1182.478,37.294,notebook_cell_7_section_6,custom,False,8,lora / 8
lora_r8_seed98_1781725591,lora,vinai/phobert-base-v2,data/uit_vion/subset.csv,single_label,8.0,16.0,0.05,98,3.0,3900,0.693777859210968,0.7938461538461539,0.7932520651089564,0.7932520651089563,2.0331,1278.853,40.333,notebook_cell_7_section_6,custom,False,8,lora / 8
lora_r8_seed98_1781725591,lora,vinai/phobert-base-v2,data/uit_vion/subset.csv,single_label,8.0,16.0,0.05,98,4.0,5200,0.6669882535934448,0.7984615384615384,0.7971744292728892,0.7971744292728893,1.9597,1326.756,41.844,notebook_cell_7_section_6,custom,False,8,lora / 8
lora_r8_seed98_1781725591,lora,vinai/phobert-base-v2,data/uit_vion/subset.csv,single_label,8.0,16.0,0.05,98,5.0,6500,0.6667429804801941,0.796923076923077,0.7959970368450461,0.7959970368450461,1.939,1340.87,42.289,notebook_cell_7_section_6,custom,False,8,lora / 8
lora_r8_seed99_1781727165,lora,vinai/phobert-base-v2,data/uit_vion/subset.csv,single_label,8.0,16.0,0.05,99,1.0,1300,0.7468889951705933,0.7769230769230769,0.7759778885290368,0.7759778885290366,1.9606,1326.125,41.824,notebook_cell_7_section_11,custom,False,8,lora / 8
lora_r8_seed99_1781727165,lora,vinai/phobert-base-v2,data/uit_vion/subset.csv,single_label,8.0,16.0,0.05,99,2.0,2600,0.7208834290504456,0.7826923076923077,0.7818687466173107,0.7818687466173104,2.0553,1265.037,39.897,notebook_cell_7_section_11,custom,False,8,lora / 8
lora_r8_seed99_1781727165,lora,vinai/phobert-base-v2,data/uit_vion/subset.csv,single_label,8.0,16.0,0.05,99,3.0,3900,0.6774110794067383,0.7973076923076923,0.7959371978300498,0.7959371978300499,1.9218,1352.872,42.667,notebook_cell_7_section_11,custom,False,8,lora / 8
lora_r8_seed99_1781727165,lora,vinai/phobert-base-v2,data/uit_vion/subset.csv,single_label,8.0,16.0,0.05,99,4.0,5200,0.6794918775558472,0.795,0.7939822066647213,0.7939822066647212,1.9327,1345.292,42.428,notebook_cell_7_section_11,custom,False,8,lora / 8
lora_r8_seed99_1781727165,lora,vinai/phobert-base-v2,data/uit_vion/subset.csv,single_label,8.0,16.0,0.05,99,5.0,6500,0.6731037497520447,0.796923076923077,0.79681480703884,0.7968148070388399,1.9408,1339.67,42.251,notebook_cell_7_section_11,custom,False,8,lora / 8
official_lora_r8_seed97_1781761112,lora,vinai/phobert-base-v2,data/uit_vion/subset.csv,single_label,8.0,16.0,0.05,97,5.0,6500,,0.7996153846153846,0.7991414998603218,0.7991414998603217,,,,official_final_only,official,True,8,lora / 8
official_lora_r8_seed98_1781762789,lora,vinai/phobert-base-v2,data/uit_vion/subset.csv,single_label,8.0,16.0,0.05,98,5.0,6500,,0.7946153846153846,0.7935328838128,0.7935328838128,,,,official_final_only,official,True,8,lora / 8
official_lora_r8_seed99_1781764666,lora,vinai/phobert-base-v2,data/uit_vion/subset.csv,single_label,8.0,16.0,0.05,99,5.0,6500,,0.796923076923077,0.7967250870079011,0.7967250870079009,,,,official_final_only,official,True,8,lora / 8
